rsi,adx,atr_pct,bb_width,vol_rel,label,timestamp
0.5999999999999822,0.3179781023798278,0.00041222987440141414,0.0015034857750613828,-0.2587576317695005,0,100
0.6666666666666665,0.30774506727197165,0.0004023307070831218,0.0015564998204807704,0.20368279351359564,0,101
0.6999999999999954,0.298242963243248,0.0003929274874966755,0.0016752526811522185,-2.3028217782593368,0,102
0.6999999999999954,0.2894195809308618,0.0003648612383897701,0.0017764959770278919,-2.5368346184984274,0,103
0.6999999999999954,0.28122644021221743,0.00033879972136192937,0.0018111997893936413,-8.234878535234492,0,104
0.6999999999999954,0.2736185238306191,0.0003145997412646487,0.0018179809696583604,-2.3198942912144407,0,105
0.6666666666666501,0.2551081411718174,0.00031156467714127276,0.0018787146914392347,-1.412091844309214,0,106
0.6666666666666831,0.23791992870293016,0.00030883043880597626,0.0018049369823984348,-4.611953536149896,0,107
0.625,0.22195944569610623,0.00028677112174840656,0.0017116968687176863,-8.329942955684972,0,108
0.625,0.21738643451930645,0.0002856513569863418,0.00162942807792592,-3.328420870234323,0,109
0.625,0.21314006699799237,0.00026524768863017456,0.0015100991427373321,-inf,0,110
0.5714285714285714,0.20919701144248642,0.0002463014251565907,0.0013438859470897946,-inf,0,111
0.5,0.20553560271237376,0.0002287084662168342,0.001253778067529753,-2.1653360533823065,0,112
0.6,0.2021357231772692,0.00021237214720134603,0.0009607881016381779,-inf,0,113
0.5,0.19897869218038633,0.00019720270811553564,0.0007471203180392804,-1.4326624634368372,0,114
0.6666666666666665,0.19604716339756653,0.00018311680039299736,0.0006391280243007244,-5.980897859047267,0,115
0.5,0.18701476486201707,0.00018947337490331077,0.0004835830011136041,0.21864014231814133,0,116
0.33333333333333326,0.1786275376504354,0.00019542908635985614,0.00048358300111360394,-0.6031825535687869,0,117
0.33333333333333326,0.17083939809682389,0.0001814698659055807,0.0005117831071887408,0.5328689420267217,0,118
0.5,0.1687207392051902,0.0001878982261493146,0.0004835830011136041,0.6947384060737472,0,119
0.5,0.16675341309153036,0.0001744769242815064,0.00048358300111360394,2.539310821723713,0,120
0.6666666666666665,0.16492661027170338,0.0001620142868328274,0.0004467087633092302,-0.8312132777839071,0,121
0.5,0.15916150849260396,0.0001699244216781674,0.0004835830011136041,1.6740299886199552,0,122
0.33333333333333326,0.15380819969772597,0.00017722859919497088,0.0005117831071887408,-2.6072480546723185,0,123
0.33333333333333326,0.14883727010248207,0.00018401104974628837,0.0005326879947136572,-0.13508504251562015,0,124
0.33333333333333326,0.14422140690689844,0.00019030903954394036,0.0005471340444819199,-0.378951259496545,0,125
0.5,0.1399352482252851,0.00019610379682599748,0.0005471340444819199,2.4829614358164047,0,126
0.5,0.13595524373521556,0.00018209638276699768,0.0005326879947136572,-2.553841620634579,0,127
0.5,0.13225952528015097,0.0001690894982836407,0.0005117831071887409,-1.3281545897235674,0,128
0.5,0.12882778671473388,0.00015701167697766637,0.0005117831071887408,-1.5774795543000844,0,129
0.5,0.12564117233256086,0.00014579655719354736,0.0005117831071887408,-5.515537778574402,0,130
0.6666666666666665,0.1226821732634002,0.00013538251739400825,0.0005117831071887408,-inf,0,131
0.6666666666666665,0.11993453127060814,0.0001257123375801505,0.0005117831071887408,-6.2047548118301945,0,132
0.5,0.11738314942015839,0.00011673288489585405,0.0005117831071887409,-5.511809591272966,0,133
0.5,0.11501400913045505,0.00010839482168900734,0.0005117831071887408,-inf,0,134
0.5,0.11281409314715908,0.00010065233442550682,0.0005117831071887408,-inf,0,135
0.5,0.13418319011323454,0.00011292995717354533,0.0005326879947136572,-3.3825665085328853,0,136
0.5,0.15402592301030463,0.00010486353166114923,0.0005326879947136572,-inf,0,137
0.5,0.17245131784329829,9.737327939963858e-05,0.0005326879947136572,-inf,0,138
0.6666666666666665,0.16186285450415394,0.00010982978757406079,0.0005326879947136572,-0.3028901101163554,0,139
0.5,0.1520307099749485,0.00010198480274734217,0.0005326879947136572,-1.8829068616476172,0,140
0.666666666666716,0.16128565221952681,0.00013353652944299893,0.0006218092041146135,1.9853771122948167,0,141
0.5,0.16987952716092092,0.0001434682928867321,0.0005988103726604059,-5.645218437602228,0,142
0.5,0.17785955389221544,0.00013322055768053698,0.0005694441752420338,-2.0031066260260757,0,143
0.6000000000000177,0.1979856502961432,0.0001431022101505516,0.0006013837127187369,0.13590549453243694,0,144
0.6000000000000177,0.21667416838550468,0.00013288062371122648,0.0006116478769675305,0.7986032007472698,0,145
0.6000000000000177,0.2340277923256261,0.000123389150588996,0.0006582825472779283,-3.0968754862030434,0,146
0.6666666666666665,0.2592646802340994,0.00013397025386275362,0.0008110252048299542,1.588385124809133,0,147
0.6666666666666665,0.25969476337484915,0.00016325249824961554,0.0009258649716174833,-0.8017788443844467,0,148
0.6666666666666665,0.26009412629125955,0.00019044315375170166,0.0010157421791089705,-1.7792586549923792,0,149
0.7999999999999645,0.2604649632850693,0.00019626584545796223,0.001086869192881996,-3.2862777321897205,0,150
0.7999999999999645,0.2608093119221783,0.00018224685649667922,0.001142754314083331,-6.715485147804138,0,151
0.6666666666666665,0.24260729633243647,0.00018870631873538113,0.0011386404696607717,-2.826696242777296,0,152
0.6666666666666665,0.2383293638593485,0.0001946054151234757,0.0011763041244490775,-2.0600630927532535,0,153
0.6666666666666665,0.2343569979914811,0.00018070502832894173,0.0012024729342362387,-inf,0,154
0.5,0.2196603703374355,0.0001872742316794581,0.0011854921514939166,-2.889896341426678,0,155
0.6000000000000355,0.20601350180153602,0.00017389750084521112,0.0010867213577402406,-inf,0,156
0.6000000000000355,0.19334140958962936,0.0001614762507848389,0.0009652112548377775,-inf,0,157
0.5,0.18157446682143027,0.00014994223287163614,0.0008108045867411746,-inf,0,158
0.5,0.18079758429372308,0.0001586631319848756,0.0007571431085973757,-3.795991423543069,0,159
0.5,0.1800761933751378,0.00014733005112881308,0.0006949107092043838,-inf,0,160
0.33333333333333326,0.17940633037930862,0.0001368064760481836,0.0006949107092043838,-inf,0,161
0.33333333333333326,0.17878431474032438,0.00012703458490188476,0.0006215385802026631,-4.0644773009599175,0,162
0.5,0.19045301042392254,0.00013735437941045028,0.0005468661625241784,-4.334460243263326,0,163
0.5,0.20128822784440653,0.00012754335230970383,0.0005553376605801092,-0.36533335821953483,0,164
0.5,0.2113495011634274,0.0001184331128590107,0.0005581277585406543,-1.3477948793557142,0,165
0.5,0.20101813514035616,0.00012943458005155954,0.0005581277585406543,-1.4851985173352495,0,166
0.33333333333333326,0.20349106261764807,0.0001396203115090902,0.0005553376605801092,2.1052623322462583,0,167
0.5,0.2057873524179905,0.00014903794720844425,0.0005553376605801092,-4.144119388105994,0,168
0.5,0.19260652654000976,0.00015786108570089253,0.0005468661625241784,2.3853775355358966,0,169
0.6,0.19137322114818403,0.00018539697664000216,0.0005468661625241784,2.3322884206620804,0,170
0.6,0.1902280089986316,0.000191580109568527,0.0005468661625241784,-0.8112908792903669,0,171
0.6666666666666665,0.18916459771690433,0.00019726794099054316,0.0006603856697282138,1.456278275788928,0,172
0.5714285714285714,0.17692349487134543,0.0002026529649660383,0.0006603856697282138,-3.0653464787188507,0,173
0.5714285714285714,0.165556756514755,0.0002076035272998463,0.0006603856697282138,-0.8418391122116993,0,174
0.625,0.15500192804077817,0.00021214278350927996,0.0007404200047858224,-5.895557320438058,0,175
0.5555555555555556,0.1571476605439298,0.00021646907515273712,0.0007298169728101388,-0.8427656612827245,0,176
0.5,0.15914012643971348,0.00023985854659030591,0.0007147133955484106,0.38857797267220284,0,177
0.5,0.16099027334294116,0.00022272579326242692,0.0006948162085326405,-inf,0,178
0.5,0.1627082668959383,0.00020681680802939642,0.0006696986632661965,-0.6540865500316406,0,179
0.5714285714285714,0.16430354662372137,0.00019204417888443953,0.0006387456095701948,-inf,0,180
0.5,0.1773022377887886,0.00019780630722164978,0.0006387456095701948,-0.8728187149326954,0,181
0.42857142857142855,0.18937245101349384,0.00018367728527724623,0.0006387456095701948,-inf,0,182
0.5,0.20058050615072012,0.00017055747918601435,0.000669698663266438,-inf,0,183
0.3999999999999999,0.2109879859210017,0.00015837480210129906,0.0006948162085328818,-2.056063126300511,0,184
0.3999999999999999,0.2206520742791203,0.00014706231623692057,0.0007147133955484106,-inf,0,185
0.25,0.229625870611659,0.00013655786507714052,0.0007147133955484106,-inf,0,186
0.33333333333333326,0.21527871595716772,0.0001462347904614154,0.0007147133955484104,0.29222662649666115,0,187
0.5,0.2019563580637115,0.0001551782929905981,0.0007147133955484104,-4.03057577812967,0,188
0.33333333333333326,0.18958559716264503,0.00014409412920555537,0.000694816208532882,-inf,0,189
0.33333333333333326,0.19388395272297415,0.0001532691487283274,0.0007147133955484104,-1.7732653266308693,0,190
0.5,0.18030571662809813,0.00016170842067347605,0.0007147133955484104,0.09695981812013223,0,191
0.5,0.1801420063286239,0.0001695835933138956,0.0006387803556347812,-0.756747193449964,0,192
0.5,0.1799899896219693,0.0001574704795057602,0.0006387803556347812,-2.72627340135727,0,193
0.5,0.18974943122449325,0.00016564836222958805,0.0006387803556347812,2.4613631145269874,0,194
0.6666666666666665,0.19881176985540835,0.00015381633635604605,0.0005468364140537742,-5.365998951754763,0,195
0.6666666666666665,0.20722679858411525,0.00014282945518775703,0.0005468364140537743,-1.0332473719824993,0,196
0.6666666666666665,0.2235327079212726,0.00015205312536287083,0.0005468364140537742,0.018911334245929303,0,197
0.6666666666666665,0.23867390944863306,0.00014119218783695148,0.0005468364140537743,0.4237258164924958,0,198
0.6666666666666665,0.25273359658118205,0.0001311070315628835,0.0005468364140537743,-1.9583693211227156,0,199
0.6666666666666665,0.2657890203471204,0.00012174224359410612,0.0005468364140537743,-0.06308563514813542,0,200
0.6666666666666665,0.2855577922112287,0.0001324721431687664,0.0005323982266011613,0.002611206839393709,0,201
0.5,0.3039145089421864,0.00014243562134523666,0.0005115047145665576,-0.6824058239125438,0,202
0.5,0.32096003162093284,0.00013226164839200548,0.0004833199519698857,-1.9690907328587,0,203
1.0,0.3430448363235717,0.00014224016190967292,0.0004464657755320552,-0.8769426281337676,0,204
0.0,0.4782509423084913,9.807457033650487e-05,0.00024325247590127722,-1.3722314285661694,0,212
0.5,0.49589794001555004,0.00011047025073314397,0.00024325247590127722,-2.627541335222206,0,213
0.5,0.5122844378863904,0.0001025795185379194,0.00024325247590127722,-3.3973784109921104,0,214
0.33333333333333326,0.5322722865200253,0.0001147093806472675,0.00033484022483420945,-1.7173339598147523,0,215
0.5,0.5508324316798291,0.00012591265943454505,0.00033484022483420934,1.0092618869344678,0,216
0.3999999999999999,0.5680668521853612,0.00013638176266187195,0.00039854500300227897,-0.7838162189623485,0,217
0.5,0.5840702426547839,0.00014603154112602327,0.00039854500300227886,1.5125179237521562,0,218
0.625,0.5483043191559865,0.00017435742820962256,0.0006579423912249573,0.9329921538842522,0,219
0.7272727272727383,0.5333516985910627,0.0002587683851746239,0.001393937290380126,-1.1436255780387221,0,220
0.7272727272727383,0.5194671223522047,0.0002790837185684862,0.001815805789510803,0.30778871970277505,0,221
0.7692307692307849,0.5175095814115157,0.0002977862043004378,0.0024088127350604858,0.2988503319563661,0,222
0.6250000000000034,0.49441672534742004,0.0003543597798804008,0.0025198317968150035,-1.5743169039443328,0,223
0.7391304347826145,0.4902794290188084,0.00048336648873986726,0.003483117675401585,2.187214046805479,0,224
0.6538461538461552,0.49204630846423164,0.0006430417316562122,0.0037906901668841755,0.7271262811582461,0,225
0.6923076923076897,0.4936869822349818,0.0006550832136072971,0.004119346931862503,-0.32325035501364763,0,226
0.6538461538461552,0.500029928427225,0.0007053746351935328,0.004284667766722616,-0.5322752726837254,0,227
0.6666666666666665,0.47086828318044555,0.0007904614351396462,0.004472652397306672,0.7892221705287684,0,228
0.6923076923076897,0.4437896125941503,0.000733999904058243,0.004598539531980675,-4.327733974850473,0,229
0.6923076923076897,0.43119112566505,0.0007588788291422158,0.004737700997051664,-1.2230002799918127,0,230
0.6923076923076897,0.41501223669556525,0.0007242427168362032,0.004745966256889499,-2.2728598935096387,0,231
0.6799999999999986,0.3999889826524722,0.0006725110942050459,0.004626023573788376,-1.8161264743760401,0,232
0.6800000000000043,0.40802444142981764,0.0009921247794413834,0.004636394487633846,1.248643774809924,0,233
0.63636363636364,0.41548593886592405,0.000979362225471362,0.004565202054054506,-0.24078958218684698,0,234
0.692307692307695,0.39582726134326407,0.0011792784115848703,0.004639713040964819,0.9344996180288418,0,235
0.6923076923076897,0.4059903747847747,0.0016938790053837801,0.004866037442027465,2.1386362845495004,0,236
0.7200000000000071,0.4154275515518917,0.0018639424546614304,0.004592301178980967,1.0877020309594194,0,237
0.8108108108108146,0.4278264359379274,0.0020876502685823945,0.007241914017477377,1.039162393546284,1,238
0.5454545454545454,0.4350204948880468,0.0023560687554630344,0.006935770304686783,1.9804801497161524,0,239
0.5,0.4247008221132177,0.002442070734818263,0.006789246061022266,-0.9117833922810661,0,240
0.5087719298245605,0.415118268822305,0.002306393796430922,0.006632059085720106,-0.7749822307701808,0,241
0.5087719298245605,0.40622018362360035,0.0021604436037308077,0.006549377453025488,-0.452015749846071,0,242
0.5,0.4000569071477555,0.002084183830137612,0.006302123462451976,-0.5377176931560054,0,243
0.597222222222225,0.40459076435311,0.002236266660989966,0.006959096454012693,0.7467535412135483,0,244
0.6056338028169034,0.4088007746152249,0.002095833131204117,0.007398675653868036,-2.600190846542579,0,245
0.494252873563219,0.388209967093938,0.002439170758705633,0.007437748359385023,1.0193210842424991,0,246
0.5,0.36908993153845737,0.002340573194836407,0.0073439474198140915,-1.0325006303385444,0,247
0.4943820224719082,0.35133561280836817,0.002251471216498832,0.007311570820557816,-1.151711370846068,0,248
0.48275862068965447,0.3372091360469136,0.0022250564782946443,0.007236685289626784,-1.1422406171820625,0,249
0.47058823529411825,0.3240916933398486,0.0020661238727021696,0.007192784507043924,-inf,0,250
0.4819277108433729,0.3119112108261455,0.0019185435960805864,0.007110151241971279,-3.760155914628696,0,251
0.30434782608696,0.2919510406748418,0.00188086697761045,0.007208785546640119,-0.7173064597722166,0,252
0.48076923076923306,0.2764065332823408,0.0018220963993593059,0.007208785546640119,-4.92431812094544,0,253
0.5208333333333355,0.2619723478464471,0.001691946656547927,0.007208785546640119,-inf,0,254
0.5208333333333355,0.24856917565597436,0.001571093323937361,0.0072280204117239795,-inf,0,255
0.5106382978723439,0.23612337290767824,0.0014588723722275495,0.007192586980961491,-inf,0,256
0.4800000000000025,0.221948259678434,0.0014336935205149224,0.007326280807094363,-3.159591774454151,0,257
0.2571428571428626,0.20878565453699294,0.0013312868404781423,0.005054928555494871,-7.198372069093935,0,258
0.2972972972972977,0.1954068745313176,0.0012742808573788654,0.005069876728009257,-2.722334708470151,0,259
0.5238095238095208,0.18298372166890478,0.0012026391389016425,0.005069876728009256,-1.6952940984513336,0,260
0.44444444444443887,0.17144793686809287,0.001116736343265811,0.005069876728009257,-2.9259110513002837,0,261
0.526315789473693,0.16538184301239287,0.001075142781542674,0.005060947628215977,0.37743176594022615,0,262
0.47058823529412075,0.15974904157495717,0.0010370825363782575,0.0050289077875247095,0.4707913576897952,0,263
0.47058823529412075,0.15451858309733832,0.000982373046252702,0.003856684470399645,-1.827380298742214,0,264
0.4210526315789449,0.14371277031158602,0.0009708335270432459,0.001845014532167638,1.5769013995083236,0,265
0.5333333333333293,0.13367880129624463,0.0009211165138371417,0.001845014532167638,-0.5367181614211144,0,266
0.3636363636363599,0.12436154435342762,0.0008747060786076404,0.00188248544251902,0.4978201515165159,0,267
0.41666666666665747,0.11570980576366897,0.000831385061152215,0.0018915398543435686,0.2919831481401285,0,268
0.41666666666665747,0.11072663891095702,0.0007913787566911815,0.0018087316301794172,1.1815632851895443,0,269
0.41666666666665747,0.10609941254772448,0.0007348517026418114,0.0017056606932076557,1.5183748012607279,0,270
0.5555555555555501,0.10546882622133609,0.0007019310697265014,0.0016085206667153283,-3.5958413917923306,0,271
0.5999999999999911,0.10488328177540401,0.0006709946495474759,0.0015049785656915458,-1.1185996651177217,0,272
0.5,0.10812639067532986,0.0006424448030582094,0.0014462230993393308,-3.681141499575951,0,273
0.4444444444444499,0.11113784893954673,0.0006161013776496059,0.0014038788713176562,0.053544117842124185,0,274
0.5,0.11393420304203382,0.0005913172718452883,0.0013173672895960824,-3.310049302338547,0,275
0.33333333333331683,0.11653081756577183,0.0005686129294879321,0.0012335912549878269,-2.178488562153711,0,276
0.39999999999998215,0.11292683170570468,0.0005472328189116983,0.0011395300042656938,-2.957675017066065,0,277
0.39999999999998215,0.10958027340707091,0.0005081447604180056,0.001024959771490739,-3.7968828352078208,0,278
0.5,0.11169344797602704,0.0004912270488665585,0.0010249597714907387,-1.6044147260242534,0,279
0.5,0.11365568150434348,0.00047564678673362354,0.0010562436536307642,-1.4832222288266188,0,280
0.5,0.115477755494923,0.0004416720162526504,0.0010837730775182777,-2.1881806449897865,0,281
0.42857142857142855,0.11716968134331829,0.00041012401509174685,0.0009706736025166181,-2.086595167172236,0,282
0.5,0.11099122999242399,0.00040010446754069505,0.0007951760556879487,-3.3265631750042766,0,283
0.4444444444444444,0.11169489797146617,0.00039100999952732923,0.0005539664751271706,-1.8285748104057327,0,284
0.5,0.11234830395200535,0.0003824643153199573,0.0005567648092354503,0.11476394011907441,0,285
0.42857142857142855,0.11295503807679172,0.0003745290371273977,0.0005567648092354503,-0.2523242128577496,0,286
0.42857142857142855,0.1135184340498076,0.00036716056452002085,0.0005567648092354504,1.2924375734728002,0,287
0.5714285714285714,0.1140415874533224,0.0003602206581530791,0.0005567648092354503,-0.9095678773644371,0,288
0.42857142857142855,0.11452737275658612,0.00035396498347313693,0.0005539815063026679,-0.8323779134598736,0,289
0.5714285714285714,0.10786073203345278,0.0003479709428199464,0.0005539815063026679,0.9827862818938122,0,290
0.42857142857142855,0.10167027993340039,0.00034258716103985435,0.0005539815063026679,1.4256245567283892,0,291
0.42857142857142855,0.09592200298335174,0.00033750025101015924,0.0005455306778289647,1.69674341313295,0,292
0.2727272727272617,0.11583391686004205,0.0003913523018714185,0.001182500393511485,0.6808852424243685,0,293
0.29999999999998667,0.13432355117411163,0.00038280323090489544,0.001554194337888714,-1.6027439909603456,0,294
0.29999999999998667,0.15600559821386198,0.0003748648078645526,0.0017993527336052394,-1.0223245553449556,0,295
0.29999999999998667,0.17613892760791586,0.00036749341504137707,0.002007988902697127,1.5448359645929328,0,296
0.2222222222222112,0.19483416204525164,0.0003606485502769998,0.0021390213087026976,-4.3537684930387295,0,297
0.24999999999998607,0.21219402259420625,0.0003348879395429284,0.002227966019745094,-inf,0,298
0.24999999999998607,0.22831389310394987,0.0003109673724327192,0.00227974068494835,-inf,0,299
0.24999999999998607,0.2432823442915689,0.0002887554172589536,0.002349576543124121,-inf,0,300
0.24999999999998607,0.257181620394358,0.0002681300303118855,0.002396781335086803,-inf,0,301
0.12499999999999303,0.2759146895137981,0.00026845548021185066,0.002489057623362944,-3.697439836823295,0,302
0.24999999999998607,0.293309682267564,0.00026861703289740417,0.0024228689635701567,-0.5866780207554365,0,303
0.14285714285713383,0.30946217553891797,0.000249430101976161,0.00239723691651078,-inf,0,304
0.16666666666665436,0.3244609192908895,0.00023161366612072095,0.0023502783949325926,-inf,0,305
0.16666666666665436,0.3383883242034345,0.00021506983282638375,0.0022806693592696014,-inf,0,306
0.5,0.35132091447936914,0.00019970770191021347,0.0021862399258701032,-3.3963902630152716,0,307
0.5,0.3633297483070227,0.00018544286605948397,0.0019498388015232937,-inf,0,308
0.33333333333333326,0.38120859438856625,0.00019165367759208803,0.0018137835967611585,-2.2617434562405023,0,309
0.5,0.3978103800357139,0.00019732044739405796,0.0014145226822521277,1.3991498109546616,0,310
0.5,0.4132263238509224,0.00018322612972305382,0.001051757400310582,-2.3985050589743935,0,311
0.5,0.4329684141557248,0.00018954321390998532,0.0003344763570849947,-0.1967661781705446,0,312
0.5,0.4513003551530413,0.00017600441291641496,0.00033447635708499466,-2.0371917482724635,0,313
0.5,0.47244031022966654,0.00018283733401810637,0.00033447635708499466,-0.9015316109526713,0,314
0.5,0.4920702685151042,0.0001697775244453845,0.00033447635708499466,-0.7777923505588208,0,315
0.5,0.5134973911163692,0.0001771033361274238,0.0003981119019721517,1.4012959803812972,0,316
0.33333333333333326,0.5128796170912185,0.00018386303572080442,0.0004459805921412552,-0.5047156271841534,0,317
0.5,0.5123059697821502,0.00019008824521448312,0.0004459805921412552,-0.9460084605789947,0,318
0.5,0.5117732972808722,0.00017651051341344864,0.0004459805921412552,-0.28425327193663635,0,319
0.5,0.5112786728154,0.0001639026195982023,0.00044598059214125515,-4.641599984264064,0,320
0.5,0.5108193786688899,0.00015219528962690218,0.0004459805921412552,-1.6554634140550077,0,321
0.5,0.5103928912471306,0.00014132419751069488,0.0003981119019721516,-1.6614088841523735,0,322
0.6666666666666665,0.5099968672126399,0.00013122961197421668,0.0003981119019721516,-1.8473234641911882,0,323
0.5,0.5171314874426772,0.00014126073314320797,0.0003981119019721516,0.33868274456812697,0,324
0.5,0.5237564919419976,0.000131170680775836,0.0003981119019721517,-inf,0,325
0.5,0.5299082818342237,0.00012180134643470485,0.0003981119019721516,-inf,0,326
0.33333333333333326,0.5414570103358638,0.00013254192218439093,0.0004459805921412552,-1.6340519833370226,0,327
0.33333333333333326,0.5521808296588153,0.00012307464202836302,0.00048279471126165346,-inf,0,328
0.33333333333333326,0.5621386618872704,0.00011428359616919423,0.00048279471126165356,-2.2581103195675545,0,329
0.6666666666666665,0.5463313508383411,0.00012549631778503787,0.00048279471126165356,1.1250950228206278,0,330
0.6666666666666665,0.5316531334357638,0.0001165322950861066,0.00048279471126165346,-1.1776440878619783,0,331
0.5,0.5180233601333706,0.00010820855972281327,0.00048279471126165346,-1.8585337639539525,0,332
0.5,0.515052351463985,0.00011988404176690483,0.00048279471126165356,0.6019648612153151,0,333
0.5,0.5122935576995554,0.00013072556080784699,0.00048279471126165356,1.6362200785928036,0,334
0.5,0.5097318206325852,0.000140792685631579,0.00048279471126165356,-0.4257060986982589,0,335
0.5,0.5073530647846841,0.00013073606522932338,0.00044598059214125515,0.020574694625689022,0,336
0.2499999999999723,0.5221066621791575,0.00017970941112528492,0.0005978342503680457,1.9681312420632082,0,337
0.2499999999999723,0.5386678211132532,0.00020570345213933875,0.0007290238335976653,2.434668292351337,0,338
0.2499999999999723,0.554046040123485,0.000229840775938103,0.0008250447944409421,0.5686006883282635,0,339
0.2499999999999723,0.5683258149187003,0.0002134235776568099,0.0008972576152458828,-4.589399753485387,0,340
0.33333333333328397,0.5815856057999715,0.00019817903639560922,0.0009510986508780844,-0.39032378881415253,0,341
0.2499999999999723,0.5987067049713317,0.00022291440949453474,0.0010926029888822133,0.8216818124406537,0,342
0.3999999999999645,0.6146048684875947,0.0002263509023331568,0.0011095737301579445,-2.8391694222576187,0,343
0.16666666666665436,0.6324424925729554,0.0002491488520511222,0.0013148299004598508,-2.960172933005961,0,344
0.16666666666665436,0.6490060006522189,0.00023135250547604206,0.0014584240960021468,-2.781984125096247,0,345
0.37499999999997924,0.6353075453477414,0.0002535409683194204,0.001428300218152696,-1.9085975327810663,0,346
0.29999999999998667,0.6299688484393616,0.00027441050335702045,0.0015565175298932483,-5.547346841887388,0,347
0.29999999999998667,0.6250114870244378,0.0002548097531172333,0.0016581702732026463,-inf,0,348
0.29999999999998667,0.6204082228534369,0.00023660905646600235,0.001737922130357778,-inf,0,349
0.29999999999998667,0.6161337632660789,0.00021970840957557364,0.0017451616206542585,-inf,0,350
0.4444444444444444,0.5995119984531408,0.00022337997526065964,0.001677050847538576,-2.557792786525058,0,351
0.4444444444444444,0.5840775025554126,0.0002074242627420411,0.0015885107224890183,-inf,0,352
0.4444444444444444,0.5697454706503793,0.00019260824397475244,0.0014758643850373817,-3.450874002975007,0,353
0.4444444444444444,0.556437155309991,0.00017885051226227013,0.0013330093528074317,-inf,0,354
0.3999999999999999,0.5499127267359762,0.00018554641581467954,0.0011847508462382223,-3.3499685755673188,0,355
0.5,0.5307904677595581,0.00019166674866692666,0.0009335454870026598,-0.4605882204400433,0,356
0.4444444444444444,0.5130340844243126,0.0001973967591229768,0.0008978675049988152,-2.9424000415005027,0,357
0.5714285714285714,0.49654601418444194,0.00018329699061419275,0.0008570857561913788,0.7371531940344538,0,358
0.5714285714285714,0.48815137160302463,0.00018962484093115246,0.0008104298113227669,1.0083097745430034,0,359
0.3999999999999999,0.48035634634885144,0.00017608020943607017,0.0007568137190307874,-1.2533648019248738,0,360
0.6666666666666665,0.4731181086128335,0.00016350305161920802,0.0006946272842741517,-2.5651057128927413,0,361
0.6666666666666665,0.46639688785795963,0.00015182426221783602,0.0006946272842741517,1.5363424177665745,0,362
0.5,0.46696725522156773,0.000160443787126219,0.0006386066631036858,2.1152134949459924,0,363
0.5,0.46749688205920387,0.0001684092907342998,0.0006386066631036858,1.0467955652047463,0,364
0.5,0.4679886784084374,0.0001757580304977502,0.0006213019774390167,-0.10381794387468393,0,365
0.5,0.4744874322429866,0.00018262437796588436,0.0005322534607302153,-2.0751386066000825,0,366
0.6,0.4640735066693101,0.00020836411307538103,0.0005983219133989815,0.3193633931273738,0,367
0.42857142857142855,0.4544034329223247,0.0002324377488646806,0.0005983219133989816,1.0214643729058963,0,368
0.625,0.44542407872869544,0.00025454814649711446,0.0006385719359313311,0.15191226982988376,0,369
0.5714285714285714,0.4370861069774683,0.00023636613603303486,0.0006577635028835613,-inf,0,370
0.5714285714285714,0.429343704637043,0.0002194828406021038,0.0007056940560627327,-0.3813881290726079,0,371
0.5714285714285714,0.4221543310352196,0.00020380549484481068,0.0007464093649391113,-inf,0,372
0.5714285714285714,0.4154784841192407,0.00018924795949875278,0.0007810389565089515,-3.6751131987863985,0,373
0.5714285714285714,0.409279483411546,0.00017573024810598473,0.0008103637104457684,-inf,0,374
0.5714285714285714,0.4035232684686867,0.00016317808752698584,0.0007790121926851868,-5.079879403899835,0,375
0.5714285714285714,0.3981782117360316,0.00015152250984648685,0.0007967757899999189,-inf,0,376
0.6666666666666665,0.3932149447699947,0.00014069947342888067,0.0008103196491845199,0.8324304090357673,0,377
0.6666666666666665,0.38860619687296044,0.00013064951104110347,0.0008198532350464859,-inf,0,378
0.6,0.3843266452542858,0.00012131740310959608,0.0008255158064293573,-4.662461978122563,0,379
0.6,0.38035277589408784,0.0001126518743160535,0.0008273871526726278,-inf,0,380
0.5,0.3766627543453327,0.00010460531186490683,0.0008254933650924842,-inf,0,381
0.6666666666666665,0.3880932608606366,0.00011658040570501803,0.0008254933650924842,0.6118033825516559,0,382
0.0,0.39870730262484744,0.00010825323386894531,0.000740017449470505,-1.610255730817909,0,383
0.5,0.3795473182464066,0.00011990875090687767,0.0006211330857202322,-4.430366791652882,0,384
0.5,0.3617559041807115,0.00011134384012781498,0.0005981592706804049,-0.9844302400504344,0,385
0.33333333333333326,0.35980894308962214,0.0001228393117725646,0.0005981592706804049,1.003882688846936,0,386
0.5,0.3580010506478963,0.00013344928460942986,0.0005981592706804049,0.5626153141904058,0,387
0.5,0.3563222933805794,0.00012391719285161345,0.0003983283347608939,-3.2573687103936737,0,388
0.33333333333333326,0.37232958941483074,0.00015398009989731334,0.0005981592706804048,2.000674327330584,0,389
0.5,0.3871935071609213,0.00018173422038580465,0.0005981592706804048,-1.1965685024650141,0,390
0.5,0.40099571649657684,0.00016875320464396147,0.0005981592706804049,-1.43928306272024,0,391
0.4444444444444444,0.41943138513915107,0.00017616250133043257,0.0006211330857202322,-1.2543214794034596,0,392
0.5,0.41664103269086106,0.00018295021625855615,0.0006211330857202322,-5.875300466313707,0,393
0.5,0.4140499911317346,0.00016988234366865928,0.0006211330857202322,-inf,0,394
0.5,0.4116440239696887,0.00015774789054946934,0.0006211330857202322,1.1304074218441411,0,395
0.5,0.4170861322455975,0.0001659405026277744,0.000638433065003416,1.4795896896731588,0,396
0.5,0.42213951850179854,0.00015408760958293338,0.000650511652962197,-inf,0,397
0.4444444444444444,0.42683194859684237,0.000143081351755581,0.0006576562165629663,-inf,0,398
0.4444444444444444,0.43118920511366876,0.00013286125520161094,0.0006600266181290615,-inf,0,399
0.5,0.43523522902215034,0.00012337116554435301,0.0006576740951859646,-inf,0,400
0.5,0.4176542051636714,0.00013394301458737984,0.0006576740951859646,-4.527744683042335,0,401
0.5,0.40132896872365537,0.00012437565640256699,0.0006600266181290614,-inf,0,402
0.6666666666666665,0.3861698206007832,0.00011549168094524078,0.0006576562165629663,0.13661028187116248,0,403
0.5,0.372093468772402,0.00010724227516343787,0.0006576562165629663,-1.3283587430328,0,404
0.33333333333333326,0.37933579686514535,0.00013848782575549793,0.0007463281993009934,1.3940622660489208,0,405
0.3999999999999999,0.38606081580840707,0.0001285958382015338,0.0008198532350467274,0.03726671534458856,0,406
0.3999999999999999,0.37451860518237123,0.00013879844756217288,0.0008103196491847614,2.073154858088674,0,407
0.33333333333333326,0.3638008381724809,0.00014834509832817175,0.0008551865867514822,-0.7224132386526627,0,408
0.42857142857142855,0.35384862594901123,0.0001571320602265367,0.0007967757900001606,-1.3019368391781148,0,409
0.42857142857142855,0.35426191124694306,0.00016537379711083403,0.0008349430656004347,1.0341320319870795,0,410
0.5,0.3546456761664512,0.00017294012420754424,0.0008103637104457683,0.7579381992641034,0,411
0.4444444444444444,0.3550020293059945,0.00018005670575506837,0.0008570391513819768,-1.013198697052225,0,412
0.5,0.33797172702468103,0.00018657054672178034,0.0008256055839796949,0.2538897762501773,0,413
0.5,0.32215787490631853,0.00017324407909879606,0.000788989940330463,-1.2771295765959645,0,414
0.4444444444444444,0.3183096207639725,0.00018028999452399837,0.000746429659107223,-3.311603737260439,0,415
0.4444444444444444,0.3147362419175084,0.00018683263027597193,0.000746429659107223,0.20479076627465903,0,416
0.4444444444444444,0.31141810441722023,0.00019290793490280456,0.0007464296591072229,0.7731876545174808,0,417
0.4444444444444444,0.30833697673838123,0.0001791287966954614,0.000746429659107223,-6.221794147000731,0,418
0.5714285714285714,0.30547592960803077,0.0001663338826457856,0.000746429659107223,-0.12844878344616095,0,419
0.5714285714285714,0.30281924298699103,0.00015445289102822946,0.000746429659107223,-3.900532813237675,0,420
0.5,0.30035231969602555,0.00014342054166907023,0.0006968359939575272,-inf,0,421
0.6,0.29806160521155767,0.00013317621726413663,0.0006385719359315728,-inf,0,422
0.3999999999999999,0.30832327351118793,0.0001431230360982812,0.0005983219133992231,-2.4626285613246544,0,423
0.5,0.3178519655037018,0.0001328999620912611,0.0005322534607304567,-3.331507122830008,0,424
0.33333333333333326,0.3267000366396075,0.00012340710765617103,0.0005322534607304568,-inf,0,425
0.6666666666666665,0.3113927776261692,0.00013398165060732778,0.0005113656317997537,-5.695306884174031,0,426
0.5,0.2971788942565479,0.00012441153270680437,0.0005113656317997539,-0.02987791341223289,0,427
0.33333333333333326,0.29725853980306527,0.0001349821870477298,0.0005113656317997537,-0.9274254905558726,0,428
0.33333333333333326,0.29733249638197423,0.00014476637637570266,0.0005322534607304567,0.43656690239034074,0,429
0.5,0.297401170348104,0.00015380986477772963,0.0005113656317997537,-2.2019542179184457,0,430
0.3999999999999999,0.3078573719532551,0.00016228806236610307,0.0005322534607304568,-1.279646833923513,0,431
0.3999999999999999,0.3175667020151811,0.00015069605791138144,0.0005322534607304568,0.08550998557549176,0,432
0.5,0.3065908503874819,0.0001593145005869229,0.0005322534607304568,-3.1629587990384858,0,433
0.5,0.2963989881617612,0.0001479348934021427,0.0005322534607304568,-inf,0,434
0.5,0.29789729253756153,0.0001567886078056774,0.0005322534607304568,0.9981538662044444,0,435
0.42857142857142855,0.2992885751722333,0.00016505479027197146,0.0005466877202339326,1.083537470325618,0,436
0.5714285714285714,0.2840646107315893,0.00017264398410996655,0.0005466877202339328,-3.9427947932616942,0,437
0.5714285714285714,0.2803048239063503,0.0001797327634629424,0.0005466877202339328,0.46338325073807407,0,438
0.5714285714285714,0.2768135932829141,0.0001668947089298751,0.0005466877202339328,-2.8724051675692683,0,439
0.5,0.28211759051544893,0.00017439415079571464,0.0005466877202339326,0.3500017617763961,0,440
0.5,0.28704273080280274,0.00018135791824256563,0.0005466877202339326,-0.8279632499460434,0,441
0.5,0.2916160753553455,0.00018787535457573962,0.0005551715523284524,-0.40473750625612276,0,442
0.5714285714285714,0.29586275243984955,0.0001938287466805488,0.0005466877202339326,-2.6989174060899024,0,443
0.42857142857142855,0.3078310836501014,0.0001994585588753186,0.0005466877202339328,0.20262659573752703,0,444
0.5,0.31894453405962103,0.00018521151895565299,0.0005466877202339326,-inf,0,445
0.5,0.3292641665827464,0.0001719821247445349,0.0005551715523284523,0.81069810717514,0,446
0.3999999999999999,0.33884668249707706,0.0001596976872627824,0.0005579759902919636,-inf,0,447
0.3999999999999999,0.3477447329889556,0.0001482907096011551,0.0005579759902919637,-inf,0,448
0.3999999999999999,0.35600720844569983,0.00013769851605821546,0.0005579759902919637,-inf,0,449
0.6,0.3414518230538517,0.00014724863602304526,0.0005579759902919637,-6.330337912925645,0,450
0.5,0.3279361080471355,0.00013673087630711346,0.0005551715523284523,-inf,0,451
0.5,0.31538580125518484,0.00012696438514231965,0.0005466877202339328,0.030097188747379273,0,452
0.5,0.31643957101809317,0.00013731599299298457,0.0005466877202339328,1.6204346778887597,0,453
0.5,0.31741807151222234,0.00012750770777919995,0.0005466877202339326,-inf,0,454
0.5,0.3276923264811721,0.0001378205068700877,0.0005466877202339326,0.7374020781024907,0,455
0.6666666666666665,0.3372327060951969,0.00012797618495079575,0.0005322534607304568,-0.48150145463136507,0,456
0.33333333333333326,0.35321120801266337,0.00013829312147397408,0.0005466877202339326,1.0206002110028949,0,457
0.5,0.3680483883645966,0.00014784081548578667,0.0005551715523284523,2.902463075255868,0,458
0.5,0.38182577011996316,0.00015670653135389833,0.0005579759902919636,-1.5585583679292765,0,459
0.5,0.40050578557706407,0.00016493898180285914,0.0005551866489724466,-0.5567206127823852,0,460
0.5,0.4178515142158007,0.0001531576259597978,0.000546717452528623,-3.5700861710683087,0,461
0.5,0.43851256373556075,0.00016164356965119438,0.000546717452528623,-1.7610225045376902,0,462
0.5,0.45769782400390946,0.0001695233745074912,0.0005322968822249815,-0.45893431226305637,0,463
0.0,0.4755127085388046,0.00015741456204267041,0.0005322968822249815,-2.457480924671606,0,464
0.0,0.4920551013212073,0.00014617066475390824,0.0005322968822249815,-1.9348430581941025,0,465
0.0,0.5074158946191526,0.00013572990298577194,0.0005322968822249815,-4.106645735039511,0,466
0.0,0.5216794883958161,0.00012603490991535966,0.0005322968822249815,-3.093231033366529,0,467
0.0,0.5349242540455752,0.00011703241634997682,0.0005322968822249815,-6.657012064231789,0,468
0.0,0.5472229650060657,0.0001086729580392642,0.0005322968822249815,-2.78917259458658,0,469
0.0,0.5586431966122354,0.00010091060389360246,0.0005114212558295383,1.2554798867403254,0,470
0.0,0.6030711705131522,9.447509732417714e-05,0.0004286419416273738,-2.379533342573935,0,474
0.0,0.6168444476535195,8.77268760867359e-05,0.00042865359916731806,-2.8785474126897634,0,475
0.5,0.5962653038696634,0.00010086429065684031,0.00033484022483541725,-2.195478968551262,0,476
0.5,0.5771560989275112,9.365969846706601e-05,0.00033484022483541725,-3.7936186945332495,0,477
0.5,0.5705243734391722,0.00010639549412222914,0.00033484022483541725,0.2904156272018342,0,478
0.5,0.5643663426285715,0.00011822159008773777,0.00033484022483541725,0.5288629008005006,0,479
0.5,0.5586481711615854,0.00012920296491285293,0.00033484022483541725,1.401164789969148,0,480
0.5,0.5533384405136695,0.00013939995582188845,0.00033484022483541725,-4.148417505748454,0,481
0.5,0.5484079763406049,0.0001488685902374214,0.00033484022483541714,-0.5389614322449087,0,482
0.5,0.543829688179902,0.00015766089362327347,0.00033484022483541725,1.4496381791135662,0,483
0.5,0.5395784206021064,0.0001658251753387075,0.00033484022483541714,-1.164337787261783,0,484
0.33333333333333326,0.5356308149941534,0.00017345346662454234,0.0003985450030032452,-1.1633418233403794,0,485
0.5,0.5319651812153399,0.00018044590432910213,0.0003985450030032451,-1.8005455127141607,0,486
0.5,0.5285613784207274,0.00018698268527983413,0.0003985450030032451,-4.880176269217149,0,487
0.6666666666666665,0.5254007043971586,0.0001736267791884174,0.0003985450030032451,-0.1788433854665033,0,488
0.5,0.535125983220907,0.00018069978377089672,0.00044646577553302143,-1.7097624336503505,0,489
0.33333333333333326,0.5441565992715307,0.00016779265635868983,0.0004833199519708518,-inf,0,490
0.33333333333333326,0.5525421713185383,0.00015580746661878343,0.0005115047145675237,-inf,0,491
0.33333333333333326,0.5603287739336168,0.0001446783618602989,0.0005323982266018861,-0.5262841394719121,0,492
0.5,0.5300384598743006,0.00015373343091378558,0.0005323982266018861,-3.116189736698345,0,493
0.5,0.5019117396763643,0.00014275247156280088,0.0005115047145675237,-inf,0,494
0.3999999999999999,0.4923460116535964,0.00015202298486657342,0.0005115047145675238,-0.017130656359567575,0,495
0.3999999999999999,0.4834635499181691,0.00014116420023324675,0.0005323982266018861,1.5889196802147991,0,496
0.3999999999999999,0.4752155497352723,0.00013108104307372911,0.0005468364140547407,-inf,0,497
0.3999999999999999,0.46755669242258235,0.00012171811142560562,0.000555322555723939,-inf,0,498
0.6,0.43453427548037316,0.00013241899663558667,0.000555322555723939,-7.181569296202593,0,499
0.5,0.4038706026054647,0.00012296049687590192,0.000555322555723939,-1.4686228006260293,0,500
0.5,0.3921091818584603,0.00013360337835900536,0.000555322555723939,2.3610768981920898,0,501
0.3999999999999999,0.3811878625933847,0.00014352508722483104,0.0005581277585421039,-0.2044466083035542,0,502
0.5,0.37104663756152884,0.00015270435388427088,0.0005553376605815588,2.149888224602672,0,503
0.5,0.3616297857462341,0.000161227958639465,0.0005468661625258695,0.32744128909185977,0,504
0.3999999999999645,0.3659454835914931,0.00016918875971745555,0.0006388324818210567,1.2666199652692895,0,505
0.5,0.34430506103951025,0.00019592322780004781,0.0006215385802043542,1.8071319945893,0,506
0.4000000000000177,0.3242103829555261,0.00018192871152861582,0.0005985660433809245,-5.7743283862940915,0,507
0.33333333333333326,0.3090914483534833,0.00018841611791117259,0.0006388672373380241,-3.567283730299387,0,508
0.25000000000001377,0.31710500630748123,0.00023345743917689733,0.0011959277417910768,-4.407586903369126,0,509
0.4545454545454399,0.3132755171502218,0.0002943503268522522,0.0012178897661915288,-3.1639121314008656,0,510
0.3571428571428548,0.3097195629327666,0.0003319052844959154,0.0015430315782051743,-3.8068095972461538,0,511
0.5,0.29612297138932253,0.0003855866364972995,0.0015430315782051743,-0.1133752308712809,0,512
0.47058823529412075,0.28349756495612455,0.00035804473389034955,0.0015093596331443048,-4.4813789559070525,0,513
0.38095238095238293,0.2935413744253529,0.0004106411792552137,0.0017080536446088263,-4.074021310602859,0,514
0.43478260869564883,0.28689048657656313,0.0004199853669205744,0.0017334603621384434,-6.141913235604631,0,515
0.5,0.2683092832094016,0.0004286363495814685,0.0017334603621384434,-4.690610402876637,0,516
0.4799999999999936,0.25105530865418024,0.0004175641180524695,0.0017253729800712954,-0.201870729187022,0,517
0.4799999999999936,0.2350337608529032,0.00038773810962015024,0.0017154308351235291,-inf,0,518
0.5,0.22015660932314596,0.00036004253036156806,0.0016525365938768238,-inf,0,519
0.4782608695652099,0.20634211147408568,0.00033432520676431325,0.0015792680274578127,-inf,0,520
0.4782608695652099,0.19351436347138684,0.0003104448348525766,0.0014940983235608117,-inf,0,521
0.5,0.1816028831831665,0.00028827020379167833,0.0014678024218933176,-inf,0,522
0.5499999999999955,0.17807491694081246,0.00028719396893512954,0.001450749003295131,-11.22112940331497,0,523
0.526315789473693,0.17121443527461974,0.00030539713866547255,0.001450749003295131,-0.7659919880445036,0,524
0.5882352941176332,0.16484398801315506,0.0003030965687569667,0.0014507490032951314,0.34448366035680517,0,525
0.5,0.16541188341102916,0.0003008013091163613,0.001450749003295131,-3.492745859944084,0,526
0.5333333333333274,0.17162539780532107,0.0002986653125617267,0.0015230738198515259,2.5621467668523703,0,527
0.6666666666666543,0.17739508974287785,0.0002968385785357335,0.0015504428596737445,-3.367597917830506,0,528
0.6363636363636291,0.1737707733089403,0.0003144124090109533,0.0014516849693539916,-0.9442181197592381,0,529
0.5555555555555447,0.17040533662028406,0.0003308059280300867,0.00152290805213181,-2.584467218380806,0,530
0.5,0.1672802882665318,0.0003462167962248085,0.0012865206181593692,-4.003057546301465,0,531
0.33333333333334325,0.17729824573584235,0.0004192391482997298,0.001816991605725716,0.18422206771406718,0,532
0.5238095238095309,0.19364270287197474,0.0005441065553664721,0.0018169916057257161,0.08575310862335968,0,533
0.5238095238095309,0.2088196987840977,0.0006606902702443063,0.0016515256885103323,-5.157964797589683,0,534
0.5238095238095309,0.22291262355964045,0.000768946576916581,0.0016286744006671738,-0.7799577147741839,0,535
0.44000000000000855,0.23599891085121583,0.0008315129749784041,0.0018100662956602454,-2.6090767232836547,0,536
0.5357142857142886,0.24815046333625013,0.00084900325224563,0.0018212016250266905,-5.30789673111717,0,537
0.5,0.2594340477866391,0.0007883601627995136,0.00183056662025417,-5.235448186834354,0,538
0.5200000000000065,0.2829587328357322,0.0008097729570158393,0.0018381884778958244,-1.7415570470053419,0,539
0.5,0.30480308323846145,0.000751932031514708,0.0018440889499204247,-inf,0,540
0.4782608695652199,0.3250871228981386,0.0006982226006922289,0.0018482846601566892,-inf,0,541
0.5,0.34392230258212464,0.0006483495577856411,0.0018507873401393236,-8.83857464157296,0,542
0.4761904761904793,0.3614121122886831,0.0006020388750866668,0.001816744432976247,-0.5013910358128655,0,543
0.4761904761904793,0.37765264987334446,0.0005590360982947621,0.0018167444329762472,-inf,0,544
0.4761904761904793,0.39841621443678216,0.0005582708038204821,0.001851603992331602,-6.080523769695878,0,545
0.6249999999999966,0.4176966672456885,0.0005183943178333049,0.0018817102375229037,-inf,0,546
0.39999999999999114,0.4355999448539587,0.00048136615227378315,0.001864312624391348,-inf,0,547
0.39999999999999114,0.452224416918781,0.00044698285568279866,0.0018776923034103845,-4.016735303381678,0,548
0.39999999999999114,0.46766142669325894,0.00041505550884831304,0.0018349436308605388,-1.3762983518545402,0,549
0.5,0.4559091096918635,0.00046342750571142877,0.0018977167311895993,-0.11370159745217923,0,550
0.0,0.4449962439048534,0.00043032554101775535,0.0020102988447814408,-2.341764984850433,0,551
0.5,0.4229051026114962,0.0004963084879920702,0.0016526265302883657,0.9915208904603349,0,552
0.39999999999999114,0.4023918999819503,0.0004999920293989673,0.0016413128005405904,-4.9597193295888635,0,553
0.5,0.3823345803951608,0.0005611810062986516,0.0016413128005405904,0.7066141979538969,0,554
0.35294117647058515,0.3637099264931419,0.0006190940173755751,0.0018512406496876482,0.21607333783807992,0,555
0.35294117647058515,0.34641560501269575,0.0006721606372575575,0.0019505175246870418,0.9931357863144827,0,556
0.35294117647058515,0.33035659220942437,0.0007214367842908268,0.0020858669072382784,1.3473797412437376,0,557
0.35294117647058515,0.3154446517492438,0.0007671932065360055,0.002177463255311678,-3.5442868898086486,0,558
0.5500000000000034,0.30159784989336186,0.000808580005353609,0.002177463255311678,2.6968950754719043,0,559
0.5500000000000034,0.28874010531290006,0.0007508242906854941,0.002177463255311678,-5.276912304889426,0,560
0.4400000000000007,0.301153732417047,0.0007954312021496427,0.0022306885477476443,-1.9284671522818981,0,561
0.5172413793103423,0.31268067187089776,0.0008155561372242448,0.0021805045049110637,-5.382002154422555,0,562
0.5,0.32655506043877536,0.0007769498883250678,0.002101880172032913,-1.7971653874722378,0,563
0.53571428571428,0.3394384212518046,0.0007214534677304201,0.0020140016637894987,-5.834497445401462,0,564
0.5,0.35706404491516125,0.0007091904086083899,0.0020417529908412463,-4.630240167525867,0,565
0.4074074074074061,0.3757856509794759,0.0006781708632394917,0.002116136393477482,-2.4634045225662704,0,566
0.4400000000000007,0.39316999946776804,0.0006297300872938138,0.0021751291143405627,-2.4625713212328906,0,567
0.3913043478260845,0.409312608778325,0.0005847493667728271,0.0022199553609326024,-inf,0,568
0.5,0.4243021745666994,0.0005429815548604823,0.0022514583935849724,-inf,0,569
0.5,0.4382210570844755,0.0005041971580847336,0.0022865685788923747,-inf,0,570
0.5500000000000034,0.42945670337460873,0.0005068220017750762,0.0022790170497973368,-2.417359378807341,0,571
0.5714285714285714,0.42131837492973245,0.0005093756077991659,0.0021522845517874946,0.7255576458211206,0,572
0.4374999999999947,0.4137613556594902,0.0004924332720216123,0.002152284551787495,0.3558877752305835,0,573
0.4705882352941084,0.3968932777502343,0.00047657138849943907,0.002068746983878073,1.3923552990879635,0,574
0.6666666666666665,0.38123006254878233,0.0004619669210021495,0.0020985943914848615,0.7182305726135557,0,575
0.5,0.3666856484331484,0.00044840562975466636,0.0021044206292625965,1.9918139790311873,0,576
0.6250000000000069,0.34344160004151525,0.00043569444585592876,0.0021519329957681815,0.8614999199772823,0,577
0.6250000000000069,0.32185784082071306,0.0004045734140090767,0.0021626341375592193,-7.793007127288901,0,578
0.7142857142856599,0.30992241356326633,0.00039521388355036145,0.002104904133844564,-0.09249099874726241,0,579
0.8571428571428299,0.29883951682420856,0.0003863155465299792,0.002104904133844564,-0.23026391494638584,0,580
0.8571428571428299,0.2885482555665121,0.0003781526375247742,0.0020861507952137977,-3.2840262744015516,0,581
0.8571428571428299,0.2789920843986511,0.0003705727934485124,0.002137092014694442,-3.6729227463700034,0,582
0.8571428571428299,0.2701184968856373,0.00034410330820219007,0.0022031580735175473,-3.487572837236621,0,583
0.7499999999999584,0.2707159255120565,0.00033904779188273265,0.0022193511188084436,1.6761716700100753,0,584
0.6666666666666174,0.27127068066515997,0.0003342664384295022,0.0021745370974914136,-2.321262629908485,0,585
0.5999999999999645,0.27178581045018463,0.0003103902642559663,0.002032064892881402,-inf,0,586
0.666666666666642,0.25814962156881266,0.0003075721839505115,0.0018846291050609418,-3.7829378582639803,0,587
0.6,0.2454874461789673,0.0002856027422397607,0.001678876308345015,-inf,0,588
0.6,0.23372971188839656,0.0002652025463654921,0.0013891535892806073,-inf,0,589
0.6,0.22281181576143805,0.00024625950733938554,0.0009408807181845842,-inf,0,590
0.5,0.21267376935783372,0.00022866954252942942,0.0007469373722110169,-inf,0,591
0.5,0.2032598691259154,0.00021233600377732734,0.0006581929984383741,-inf,0,592
0.6666666666666665,0.19451839033913412,0.00019716914636466108,0.000532543071248847,-inf,0,593
0.5,0.1864013028942658,0.00018308563591004246,0.0005116438730172556,-inf,0,594
0.5,0.1788640074097452,0.00017000809048789658,0.00048345144076959257,-1.424613274045577,0,595
0.33333333333333326,0.18705949701660657,0.00017734395778884232,0.00048345144076959257,-0.6371913595946566,0,596
0.5,0.19466959450869217,0.00018406279308569632,0.00048345144076959257,-1.0370978877192976,0,597
0.6666666666666665,0.20173611360848598,0.00019034650932651153,0.00048345144076959257,0.39487373544491894,0,598
0.6666666666666665,0.20829788134400873,0.00019618138869298283,0.0004465872363784246,-0.5469072872083164,0,599
0.5,0.214390951384137,0.0002016543479661924,0.00048345144076959257,-3.3572348336332523,0,600
0.33333333333333326,0.22004880213568467,0.00020668681193557195,0.0005116438730172556,1.068771337452339,0,601
0.5,0.22530252069069326,0.00021130231696374715,0.0005116438730172556,0.5129312639142878,0,602
0.3999999999999999,0.2443067647582634,0.00021569903057461388,0.000532543071248847,1.6478621155514361,0,603
0.3999999999999999,0.2619535628210071,0.00021972830292910618,0.000532543071248847,-0.3282380968040549,0,604
0.5,0.2783398753078406,0.00022340897855662953,0.0005116438730172556,-3.4926034548286995,0,605
0.5,0.2935557369027574,0.0002268822529780924,0.00048345144076959257,1.4572978300616881,0,606
0.5,0.3076847512408944,0.0002106763777653715,0.00048345144076959257,-0.25445292674689024,0,607
0.5,0.33128686861678863,0.00021505912367192424,0.00048345144076959257,-0.18469597783059252,0,608
0.5,0.3532031204658333,0.00019969775769535823,0.0004834514407695924,-2.2159562703661266,0,609
0.6,0.37355392575423196,0.0001854336321456898,0.00048345144076959257,-6.45759629366708,0,610
0.5,0.39245110209345924,0.00017218837270671197,0.00048345144076959257,-1.434255248929898,0,611
0.5,0.4099984801227417,0.00015988920322766113,0.00048345144076959257,-inf,0,612
0.5,0.4262924740070755,0.00014846854585425675,0.00048345144076959257,-10.648438046732666,0,613
0.5,0.4494456245405085,0.00015733750960706622,0.0005116438730172556,-1.0451622539229246,0,614
0.5,0.47094497860726775,0.00014609911606370437,0.000532543071248847,-inf,0,615
0.33333333333333326,0.49090866452640136,0.00013566346491629693,0.000532543071248847,-inf,0,616
0.5,0.5094463728798825,0.00012597321742227572,0.0005469851887892205,-4.442434614297333,0,617
0.6666666666666665,0.4898356019098216,0.0001363743677590074,0.0005469851887892205,-3.855646405508579,0,618
0.5,0.4847854246454038,0.0001460644000945861,0.0005469851887892205,-3.384627446752132,0,619
0.5,0.4800959743284444,0.00015506228726333776,0.000532543071248847,0.5823625434284734,0,620
0.33333333333333326,0.4757414847484107,0.00016346193554403734,0.000532543071248847,-1.270985023505581,0,621
0.33333333333333326,0.4716980301383795,0.00015178608300517752,0.0005469851887892205,-0.520875386161685,0,622
0.33333333333333326,0.4431440785001467,0.00016038056590034382,0.0005469851887892205,1.7581652549135793,0,623
0.33333333333333326,0.4166296948360733,0.00016836115716014114,0.0005469851887892205,1.0283650611530935,0,624
0.33333333333333326,0.3920091957194339,0.00017577170618709577,0.000555473641290922,-1.1706071979860302,0,625
0.33333333333333326,0.36914730368255433,0.00018265293028355364,0.0005582796093808071,2.2065502428512365,0,626
0.5,0.3479184039340233,0.0001889912121929331,0.0005582796093808072,-1.2018621241179244,0,627
0.7499999999999721,0.33796249321372235,0.00021429566121986305,0.0006581929984383741,1.7148195341503538,0,628
0.7999999999999645,0.3411457346546598,0.0002571962033319892,0.000884445146741287,1.6447437637485942,0,629
0.5714285714285895,0.3441016017069589,0.00027781710061626594,0.0008844451467412869,-2.4899530550605653,0,630
0.6999999999999954,0.36596092859703666,0.00031600830202791494,0.0012024729342396214,0.22536354716165935,0,631
0.6666666666666501,0.3862588749949661,0.0002934362804544924,0.001432983879576827,-inf,0,632
0.5454545454545419,0.3755243972569523,0.00031147630026995586,0.0014556170926349236,-4.8310047354839005,0,633
0.5454545454545419,0.36555666792879676,0.0002892279931078161,0.0014512900712411873,-5.806559913754649,0,634
0.6000000000000177,0.3563009192669381,0.00026856885074297217,0.0014383119938924792,-2.9667153705807285,0,635
0.6000000000000177,0.34770629550949783,0.00024938536140418845,0.0014164465223601322,-6.711304099417578,0,636
0.636363636363651,0.3476068266395085,0.0002509296523825352,0.0014327889926792875,-0.4942997139637011,0,637
0.636363636363651,0.33457131588354083,0.0002718470907911582,0.0014755920416569947,-3.7500841660562085,0,638
0.5,0.3119312934971418,0.0003109445441999719,0.0015182716495154643,-0.15673923745886686,0,639
0.5,0.29090841556691416,0.0002887342196142596,0.0015577876553081692,-0.20129082875084928,0,640
0.5882352941176424,0.29734991370319863,0.00034547969832779196,0.0016280985295062005,0.12761920556700307,0,641
0.5624999999999966,0.28694270389476156,0.0003984634320646781,0.0016658317381605015,-0.6212693958531916,0,642
0.42105263157894124,0.2772788662154986,0.00044814986521588663,0.0016658317381605015,-4.1964028465141165,0,643
0.4705882352941069,0.281891594583522,0.00047444819845848585,0.001665831738160501,-1.3676526801479374,0,644
0.3571428571428548,0.2861748423538294,0.0004405590414257369,0.001665831738160501,-inf,0,645
0.5,0.30225480438810737,0.00048630660901865,0.001673202494992148,1.3976705125377833,0,646
0.4499999999999944,0.298603410698102,0.000529807311749951,0.0017290604606903547,-3.2515497104730438,0,647
0.4499999999999944,0.295212830843097,0.0005697093162070732,0.0017962478119881164,-0.4347149792303724,0,648
0.4761904761904793,0.2920644352634496,0.0005483029415084962,0.0017858631019878727,-4.164375092020849,0,649
0.4545454545454509,0.2986063905823446,0.0005870223706279501,0.0018298198058353506,1.5358287122752343,0,650
0.45454545454546186,0.30468106337846146,0.000564374975842349,0.0017435994325005174,-0.962065357856985,0,651
0.45454545454546186,0.31032183097485566,0.0005434935361719747,0.0016358222499268547,-0.12981079856758573,0,652
0.5,0.3155596866000788,0.0005242462411387106,0.0016660582987071105,-1.9566846296298912,0,653
0.5,0.32042340968064315,0.00048680008105737415,0.0016883936205477617,-2.853962417169993,0,654
0.41176470588237135,0.3284051807172312,0.00047133673776846697,0.00167823694519281,-2.2195398138714895,0,655
0.41176470588237135,0.33581682525120576,0.0004376698279278622,0.001666148940182014,-2.6653943714748967,0,656
0.5714285714285714,0.3341413704814281,0.00044514871861799023,0.0016139274746930778,-2.901700287134015,0,657
0.5,0.33258559105234886,0.00045245002718481583,0.0015579995444315832,-1.5736190176564637,0,658
0.5555555555555556,0.3391228028432447,0.000458755197341676,0.0015579571619956656,-2.5692266367509133,0,659
0.42857142857144676,0.3451930709347908,0.0004648385171943292,0.0015498945752732375,-0.8733089719132612,0,660
0.5999999999999911,0.35082974844836934,0.0004316357659661629,0.0013887756962760206,-5.436674231642778,0,661
0.5,0.3389010794612483,0.00043989545673369827,0.001185492151497541,-0.41451052172641356,0,662
0.4545454545454472,0.3278244582589216,0.00040847435268129127,0.0011854921514975407,-inf,0,663
0.5,0.31753902428533254,0.00037929761320405623,0.001185492151497541,-inf,0,664
0.5454545454545344,0.31813513468734667,0.0003908649028871364,0.0011959277417937348,-5.677914551552774,0,665
0.46153846153845374,0.30373907906533576,0.000402016194808712,0.0009257390293038975,-2.2833277439484236,0,666
0.5,0.2953145514978652,0.0004121734442562962,0.0009257390293038975,-0.8213678186132755,0,667
0.5,0.28749177589949965,0.00038273248395227506,0.0009257390293038975,-inf,0,668
0.4545454545454436,0.2802277699867316,0.0003553944493842554,0.0009407783289035851,-inf,0,669
0.4545454545454436,0.27866580377372824,0.0003494454775380591,0.0009407783289035851,2.5627094534107004,0,670
0.3999999999999999,0.27721540657593935,0.0003439214322523053,0.0009523148068311617,-2.1717724089604578,0,671
0.5,0.27586860917799255,0.0003387919616298196,0.0009604744261340735,-0.6001102171886094,0,672
0.42857142857144676,0.2746180115941848,0.00033393801427920427,0.0009523148068311617,1.8337941203784507,0,673
0.5555555555555447,0.28370123501125183,0.00034875766772264415,0.0010939108546875076,-0.7172625334431266,0,674
0.5555555555555447,0.29213565675567116,0.0003626873907498308,0.0012178897661941866,-3.101309766062595,0,675
0.7499999999999861,0.2898714241529777,0.00041435046210756837,0.0014329448979562883,1.922662417964955,0,676
0.5454545454545602,0.2877689224504766,0.00046279223440110905,0.0014121560055038794,-4.3418465569416345,0,677
0.5,0.2858165994410113,0.00044928892706628837,0.0014121560055038794,-0.41830474630184394,0,678
0.45454545454546186,0.2840037280750792,0.00043651442737821115,0.0013888134763246141,-1.929762210046043,0,679
0.5,0.2823203475209994,0.00042488146658018063,0.0013798472655649028,-1.1174589305352292,0,680
0.5454545454545565,0.28748959256236545,0.00041385652234316144,0.0013490335269905952,-3.937850633082124,0,681
0.5,0.28061176075827593,0.0004038362583038938,0.0013490335269905952,-3.69324575791594,0,682
0.5,0.2808700141262878,0.00039442715724915183,0.0013490335269905954,-2.5458329951947856,0,683
0.5384615384615463,0.28110982082515595,0.0003855852136945935,0.0013339159521989026,-3.1840239158510992,0,684
0.5384615384615463,0.281332498474105,0.0003580434127164083,0.0013020143459869862,-8.072868633375586,0,685
0.5,0.2700168942719197,0.0003519956969269593,0.0013020143459869864,-8.132932262383306,0,686
0.46153846153845374,0.25950954751274763,0.00032685314714646217,0.0013020143459869864,-inf,0,687
0.4166666666666914,0.2577188786527596,0.0003422860466524649,0.0012863456218195413,-0.28413164162304444,0,688
0.35714285714288196,0.25605611471134215,0.0003568933353571082,0.0013490335269903534,-2.174026115682295,0,689
0.3076923076923497,0.25451211962288306,0.0003314009542601719,0.001406724624439693,-inf,0,690
0.4000000000000178,0.2530784098978853,0.00030772945752730247,0.0014600111940700035,-inf,0,691
0.5,0.2597336024256324,0.0003051073731859847,0.0014600111940700038,-4.871849978542246,0,692
0.444444444444439,0.26591342405854046,0.00028331398938698585,0.0014674829567860503,-3.1863573757454353,0,693
0.5,0.2716518298605265,0.000263077275859344,0.0013445153434951441,-inf,0,694
0.42857142857141944,0.27698034953379924,0.00024428604186939085,0.0011856534275856466,-inf,0,695
0.3000000000000222,0.2747767032969514,0.0003049143022592161,0.001247288824697906,2.612059096662313,0,696
0.3000000000000222,0.2784340038207312,0.0003025922334653162,0.0015434514850215689,0.1848393937825988,0,697
0.461538461538451,0.26493644534656047,0.0003584180594298405,0.0015434514850215689,-0.6198172705148702,0,698
0.461538461538451,0.2524029981919734,0.0003716894614044783,0.0015097703823675355,-0.6061318838146089,0,699
0.5384615384615489,0.24618098331708754,0.0003644773826091887,0.0015434514850215689,-1.7478652119847382,0,700
0.5384615384615489,0.2404033980761221,0.0003384432838513895,0.0015434514850215689,-1.3015300146574122,0,701
0.5,0.2350384974952256,0.0003142687635762903,0.0015744321836420184,-inf,0,702
0.3999999999999999,0.23492054718808777,0.000408963608082344,0.0018172388457432462,1.192574230291275,0,703
0.5714285714285714,0.23481102190288844,0.0004956869005888716,0.001882119906109966,-2.2493896188237756,0,704
0.5454545454545492,0.2387353101826738,0.0004798369643838128,0.0018821199061099664,-0.8579130683661991,0,705
0.5454545454545492,0.24237929215676018,0.00046486749395807024,0.0019695023068855284,-3.2322723490198086,0,706
0.5454545454545492,0.24974900530994926,0.00045108844707816164,0.0020470767213812482,-1.77584067059379,0,707
0.5454545454545492,0.2565923103807677,0.0004382936178325323,0.002097452252686185,-1.8661263172018685,0,708
0.5454545454545492,0.26294680794652764,0.00040698693084449434,0.002148036750082345,-inf,0,709
0.6666666666666665,0.2688474128290191,0.0003779164357841733,0.0021846442145801734,-inf,0,710
0.631578947368426,0.2787945177344136,0.00037044892637414813,0.00217313958691756,-0.8706465425246513,0,711
0.5333333333333433,0.28803111514656565,0.00034398828877599464,0.002179555247110466,-inf,0,712
0.5625000000000052,0.2865713442996532,0.000338756601733306,0.0022163670682676666,-4.094321756971156,0,713
0.5333333333333293,0.2852158427989488,0.0003145597016094984,0.002247032082537453,-inf,0,714
0.5333333333333293,0.28395716283400896,0.0002920911514945343,0.002271800110808531,-4.565117831547971,0,715
0.5,0.2885859633124279,0.00029073233974409536,0.0019425959712785167,0.5789170784313404,0,716
0.7500000000000184,0.2928841351852456,0.00028931809805529977,0.001509154342335013,-8.711075483390136,0,717
0.5,0.30217306540980965,0.0002880782937398748,0.0014925063117121476,2.034365112963345,0,718
0.5,0.31079850061833353,0.0002870051010232327,0.0014597729091869547,-1.835540112670835,0,719
0.5,0.3188078333119628,0.0002858580319301087,0.0014672035388664118,-0.029708042758891294,0,720
0.42857142857142855,0.32624507081318993,0.0002849428684962501,0.0014672035388664118,0.2774265539911117,0,721
0.5,0.33315107706432945,0.0002839436225125042,0.0014724822062550322,-0.5325029850605218,0,722
0.4444444444444444,0.3395637971546733,0.0002831647190214539,0.0005323982266043018,-1.6909467132383995,0,723
0.5,0.3301855777604854,0.00028229293275956974,0.0005323982266043018,-0.42048475245670325,0,724
0.5555555555555556,0.3214772311801681,0.0002815549259652684,0.0005115047145699395,0.056624574500027974,0,725
0.6,0.3133452761217501,0.00031963425417668584,0.0005984846445894398,2.74938315475339,0,726
0.636363636363651,0.3057941749960763,0.00033546180569107685,0.0009920416722198374,-5.899191566983885,0,727
0.5384615384615359,0.28725228207604,0.00035051061881964847,0.0010274964211155542,-3.5584131778820067,0,728
0.6000000000000059,0.2700348100788634,0.00036411713370036676,0.0012676156811261303,-5.440956793231684,0,729
0.562499999999993,0.26740003604340035,0.00037713360670057035,0.001285890854049716,-1.0149651412725305,0,730
0.562499999999993,0.2565449749521771,0.0003695155180130657,0.0013251916271926883,-2.152140347157415,0,731
0.562499999999993,0.24646527536746973,0.00034312155244070386,0.0013426434523766638,-5.391672696932808,0,732
0.562499999999993,0.243403552868417,0.0003381199892911799,0.0013437841318897062,-3.6980624158366773,0,733
0.5333333333333293,0.24056052483358234,0.00031396856148466706,0.0013426069431938554,-2.821684620518943,0,734
0.5999999999999881,0.22901190949311429,0.0003108782044582721,0.0013791719089995178,-5.539057939404815,0,735
0.5714285714285624,0.21828819524839393,0.0002886726184255384,0.0013482999180263631,-inf,0,736
0.6153846153845995,0.2083304605925822,0.00026805314568085706,0.001362044842481016,-4.683214698055794,0,737
0.5384615384615332,0.2066235083719455,0.0002683946593350082,0.0013424609263161106,0.8830470655689295,0,738
0.5714285714285624,0.19574485330410155,0.0002685710837852672,0.0012672710424057115,-1.6736524164313982,0,739
0.571428571428576,0.1858495332312698,0.00028813954239515134,0.001314236246881294,2.11678204182727,0,740
0.5,0.17666102173506887,0.0003063780222861852,0.0012461020447037327,1.2508831240074638,0,741
0.6000000000000089,0.1813971311822398,0.00032331375361356526,0.0012422999414673378,-1.0103512285445775,0,742
0.6923076923076897,0.198850190696899,0.00043549777036001316,0.0018489763197918419,-0.4450436876805799,0,743
0.5,0.21505660310336824,0.0005411038741765041,0.001795173705498143,0.9914228684900532,0,744
0.5909090909090918,0.23010541462366113,0.0005987421093028831,0.0019447240115344133,-1.7131344335101852,0,745
0.5909090909090918,0.23477793768218969,0.0006723395805304784,0.0020947161851793982,0.15563486058261158,0,746
0.4814814814814834,0.23911670909368052,0.0007418887053929554,0.002188465709613283,-1.267038130160401,0,747
0.5757575757575754,0.2626992953977907,0.000804139133596223,0.0023093084316515764,-0.30791704543670106,0,748
0.461538461538465,0.2601469325682327,0.0008841399342735355,0.0024808264371959762,-0.15183715634314054,0,749
0.5434782608695663,0.27216385191858633,0.0009551855858784257,0.0025820007760351954,-1.309474132268914,0,750
0.49019607843137336,0.28332241988677187,0.0009852662678915762,0.0026125652222315035,-1.6927203650600888,0,751
0.5,0.29368394728580133,0.0010119925684177681,0.0026416009160584474,-2.1655866277535805,0,752
0.5370370370370378,0.3033053655849001,0.0010354022859145702,0.002719715623836187,-5.270614097619337,0,753
0.5283018867924505,0.3122395397197776,0.0009614449797778151,0.002767687955494098,-3.0629855765802323,0,754
0.5283018867924505,0.3205355585593066,0.000892770338365114,0.002829737175369661,-5.517780104501895,0,755
0.48275862068965286,0.3024249209885745,0.0009272304635784818,0.0028706743908334473,-1.4533006042427448,0,756
0.4545454545454546,0.2921575326602382,0.0009187615952162586,0.002851622553003754,0.23398001422791392,0,757
0.5208333333333363,0.2826235292124973,0.0008531357669865259,0.0027876059016106436,-2.14068061241133,0,758
0.4651162790697703,0.2737705260110236,0.0007921974979160597,0.0027646154798327887,-inf,0,759
0.4651162790697703,0.26554988018108366,0.000735611962350627,0.0027646154798327887,-3.0206443035701485,0,760
0.5263157894736817,0.2527853748100095,0.0007026691313410929,0.002787605901610643,-1.1297641913660252,0,761
0.40000000000000246,0.24148063283004856,0.0007113041455123993,0.002994212364075837,0.13197155312586858,0,762
0.5,0.22656482512470663,0.0007187898823594398,0.0029140629350525925,0.4860484278729603,0,763
0.41666666666666513,0.21271443225546058,0.0007251491262802894,0.0028845311319209764,0.2594881491842101,0,764
0.5263157894736817,0.21120770297849994,0.0007315984014019158,0.002779275352541868,0.06576063790205416,0,765
0.5,0.2046846386252613,0.0008348900167763815,0.0026739591789607365,2.281236761379568,0,766
0.33333333333333326,0.1986275074401111,0.0007946755080817563,0.00262757954887786,1.6551735225089301,0,767
0.33333333333333326,0.1930030284824716,0.0007379129717902023,0.002491037953371416,-1.0375208172701034,0,768
0.33333333333333326,0.18365207506625103,0.0007046253948803042,0.002373320092078858,-1.5104896805886734,0,769
0.5,0.17496904689404624,0.000654295009531711,0.002200044153819047,-0.8914456330272627,0,770
0.37499999999997924,0.16262198660976546,0.0006269801442117051,0.0022000441538190473,-1.0038626732137863,0,771
0.37499999999997924,0.1511568592029333,0.0006016163407002711,0.0022000441538190473,0.2721414568966292,0,772
0.37499999999997924,0.14051066946801774,0.000558643744935966,0.0019728077594875276,1.0509046659262447,0,773
0.37499999999997924,0.13503956119883057,0.0005381611128013705,0.0016697045527226035,-0.8215577085318971,0,774
0.42857142857142855,0.12995924637744247,0.0005191415258192461,0.0012361064953407056,-2.836675938595028,0,775
0.75,0.1252418111861535,0.0005014804807644163,0.001236106495340706,-0.08752637728443399,0,776
0.6,0.12086133565138515,0.00048521286194626236,0.0012016883289893586,-0.6815851272966498,0,777
0.33333333333333326,0.11679375122624315,0.0004698527929366344,0.0011101770708629264,-8.878107053368407,0,778
0.33333333333333326,0.11301670854575413,0.0004362918791554463,0.000998002104949666,-3.937429406208505,0,779
0.5,0.10950945462815717,0.0004051281735014859,0.0008570857561918619,-inf,0,780
0.5,0.10625271884753143,0.00037619044682280834,0.0008104298113232501,-inf,0,781
0.5,0.1032286070512361,0.00034931970062117914,0.0006577635028840442,-4.7468965711909785,0,782
0.33333333333333326,0.10802715906305982,0.0003438822830238345,0.0004990010525058637,-4.853939474636766,0,783
0.33333333333333326,0.11248295735975328,0.0003193192628078464,0.00048637928767902963,-inf,0,784
0.5,0.10687593008488397,0.0003158506191539998,0.0003984366394276893,-3.960271620559464,0,785
0.5,0.10166940475821962,0.0002932898606429998,0.0003984366394276893,-inf,0,786
0.5,0.09683477409774557,0.0002723405848827856,0.0003984366394276893,-7.858030831794092,0,787
0.3999999999999999,0.10111420287582154,0.0002723822356265861,0.00044634438074495466,0.4196732946219821,0,788
0.3999999999999999,0.10508795816974922,0.00025292636165325855,0.0004831885346834131,-0.6424124740661978,0,789
0.19999999999999105,0.13433254463710384,0.0003518933437089012,0.0014752309129296487,2.152518456224534,0,790
0.4615384615384642,0.16148823207107602,0.0004041267809592747,0.0015086618721579907,1.9883972950517628,0,791
0.3846153846153794,0.18670422754547872,0.0004142353859763274,0.0016018230817950996,-1.1760164457912001,0,792
0.3571428571428548,0.21011908048599554,0.00042363511091490915,0.001764714942961746,0.9046702437093015,0,793
0.43750000000000694,0.23186144393076116,0.00043202355369808236,0.001761229875124428,-0.5100613433523614,0,794
0.3888888888888903,0.2558465382328061,0.00044026638121401714,0.0018710834334183322,1.6351724231139375,0,795
0.4210526315789449,0.27811841151327643,0.0004281438853166915,0.0018836038889755964,-1.3792581258940666,0,796
0.4210526315789449,0.2987994367022846,0.00041711202506036294,0.001978063618598394,-0.6887483031885582,0,797
0.4210526315789449,0.3180032458063636,0.0004067599451927239,0.0020156162824966316,0.09653607732948565,0,798
0.4210526315789449,0.33583535426015115,0.00039703923230893627,0.001980613104760913,-2.0713821619213486,0,799
0.3999999999999999,0.3523937406815254,0.0003882212715522071,0.0019744178423990906,-1.6895890545657168,0,800
0.3999999999999999,0.36776938521565866,0.00037993281693515064,0.001942701672091534,0.0043184825579661345,0,801
0.4499999999999944,0.3820467694259252,0.000372135105975832,0.0018516039923328102,-2.7732853150192445,0,802
0.5416666666666621,0.36370396391646387,0.0004422543914882784,0.002009751913984863,0.6631691959138617,0,803
0.5416666666666621,0.35868327589288945,0.0005473151252373826,0.0020121587866924534,0.6821221015995724,0,804
0.5,0.35402120844242746,0.0005468067972094685,0.0019105039402819099,-4.552760180583246,0,805
0.5238095238095317,0.3496921458098556,0.0005077491688373637,0.0017961867221749765,-3.6463850870693926,0,806
0.5500000000000056,0.34567230193675313,0.00047148137106326626,0.0016666022955368126,-inf,0,807
0.5,0.3419395897688723,0.000437804130273033,0.001614366626679639,-4.026505561124744,0,808
0.5,0.3183502723805994,0.00044563698144272355,0.0015584234956514773,-1.8447400046823232,0,809
0.47058823529412075,0.29644590623434597,0.00041380576848252897,0.0013891535892806071,-5.760709995708202,0,810
0.555555555555561,0.2903427168500077,0.0004229012730114793,0.0013891535892806071,-0.9729997607684794,0,811
0.6190476190476171,0.2985237206270823,0.0004506194624834436,0.0016888530161297093,-3.410239166331843,0,812
0.6,0.30612036699150874,0.00041843235802034053,0.0018849689104359995,-0.9741588019841898,0,813
0.5217391304347802,0.2876489696139571,0.00048614896767810924,0.001884167619749633,0.42820879906267173,0,814
0.5769230769230763,0.27049695776337335,0.0005481582950909183,0.0019427016720917757,0.13076551300578973,0,815
0.5600000000000014,0.2545700896164027,0.0005866861011706123,0.0020158356215553698,-1.246360657883448,0,816
0.5,0.23856274966292554,0.0005640470865796519,0.002102703225564416,-1.4224643510791668,0,817
0.5238095238095208,0.233617835520685,0.000640946161513027,0.00205546800444456,-2.505183212980542,0,818
0.5999999999999964,0.23288716076764268,0.0007300268340568359,0.002352160303673005,0.4363275948538488,0,819
0.5357142857142813,0.2322086770683891,0.0007366964594523787,0.002298448271939924,-4.256711958808137,0,820
0.5357142857142813,0.2315786564905108,0.0008005982387993526,0.002221139188581903,0.42611763847681294,0,821
0.5357142857142813,0.23099363738248094,0.0008016741278247566,0.002189272282471621,0.7966392969813607,0,822
0.5769230769230763,0.23045040535359607,0.0008026731676340601,0.002144023558980793,-1.2435388392441975,0,823
0.5769230769230763,0.2299459756124887,0.0007453393699459129,0.0020243737483920565,-2.1146356941017284,0,824
0.5416666666666621,0.24242713759318194,0.0007503623210322768,0.0020150681436207196,0.48627799331711463,0,825
0.4545454545454601,0.2540167880038256,0.0007552318275348186,0.0019925082522783554,1.2354594221288404,0,826
0.4545454545454601,0.2647786062422805,0.0007012866969966173,0.001968109789009997,-2.0844764047772215,0,827
0.5,0.28169197394433226,0.0007098582196916506,0.0020235219176992433,-0.9527202017954753,0,828
0.5,0.2973972439533803,0.0007168778926001849,0.0018497807799789877,-6.934783841329466,0,829
0.5,0.3119807089617821,0.0006656723288430289,0.0016276558287262762,-inf,0,830
0.4736842105263194,0.3255224978981552,0.0006181243053542412,0.00157314789391903,-inf,0,831
0.6,0.3380970161962159,0.0005739725692575097,0.0015421924496375051,-inf,0,832
0.33333333333333326,0.34977335461584375,0.0005329745285962591,0.0015085388048318782,-3.25774056422556,0,833
0.33333333333333326,0.3704342446921381,0.0005536179613275345,0.0015085388048318782,0.19701842261868224,0,834
0.4000000000000177,0.38961935690584,0.000533365033857129,0.001557321702047511,-0.21432028614725787,0,835
0.4000000000000177,0.4074341039614203,0.0004952675314387627,0.0015968472227242433,0.04146813368969174,0,836
0.4000000000000177,0.4266318700844809,0.000479322337797216,0.0015822210410432508,-0.594525299147902,0,837
0.4000000000000177,0.4444583671987515,0.000464516086558637,0.001508661872159923,-1.4807033108953398,0,838
0.4000000000000177,0.4610115430905741,0.0004507674246942422,0.0012174923150205575,1.2043184318950673,0,839
0.44444444444445536,0.476382349275838,0.0004380008101058756,0.0012226303768437601,1.3759046872104228,0,840
0.44444444444445536,0.49065524073358313,0.00042614609655953513,0.0012175585388668247,0.7002062599653978,0,841
0.5714285714285895,0.5039086399443464,0.0004151381482665047,0.0012021458909067652,-0.2561377404783373,0,842
0.25000000000005557,0.5162153677829123,0.00040491648199440507,0.0011759841896967123,0.7150224578532847,0,843
0.25000000000005557,0.5276430436330092,0.0003954249347417411,0.0011383307703604789,-0.8801057690856212,0,844
0.25000000000005557,0.5382544569223849,0.0003866113551499817,0.0010879912960869056,-0.655484415965967,0,845
0.4000000000000177,0.5031171529300615,0.00043660172189881753,0.0010879912960869056,1.7444158688729574,0,846
0.5,0.47048965636576123,0.00042472614985794436,0.0011424434916294634,-0.5744737434688088,0,847
1.0,0.4401926952703395,0.00039438856772523403,0.0011217618874075632,-2.3858644293093536,0,848
1.0,0.4212749492161522,0.000385638448248548,0.0011217618874075628,-0.36058541372925085,0,849
1.0,0.403708470737264,0.00035809284480222314,0.0011217618874075628,-1.6699719888860025,0,850
1.0,0.38739674072115354,0.00033251478445920724,0.0011217618874075628,-1.0995430247801388,0,851
1.0,0.37225013427762244,0.00030876372842640674,0.0011217618874075628,-1.5720271361379625,0,852
1.0,0.3581854282943435,0.0002867091763959491,0.0011217618874075632,-inf,0,853
1.0,0.34512534416701307,0.0002662299495105242,0.001074927651859796,-0.4406714373915887,0,854
1.0,0.3329981231916348,0.0002472135245454867,0.0010864258080764094,-4.298053297573835,0,855
0.6666666666666665,0.33264483948640267,0.0002490436198496016,0.0010588289657900915,-6.193499312849825,0,856
0.6666666666666665,0.33231679033154427,0.0002506805639774408,0.0010274684776187277,-3.222142445140977,0,857
0.6666666666666665,0.3320121732591758,0.00023277480940762363,0.0009919877143928645,-inf,0,858
0.75,0.3139107696526267,0.0002355097619920319,0.0009729437517894746,-0.8167182729097641,0,859
0.6666666666666665,0.3160597053427261,0.00027694911364653014,0.000940368994525272,0.24401405552118854,0,860
0.33333333333333326,0.3180551456263898,0.00027666274757945304,0.0008840362771126054,0.4067058894563528,0,861
0.33333333333333326,0.31990805446122045,0.00025690112275234927,0.0008200761787674538,-0.03254769855011162,0,862
0.33333333333333326,0.3287722607228327,0.0002579768166728493,0.0007465311465072756,-0.12997878345442693,0,863
0.33333333333333326,0.3370033093943298,0.0002589756753133136,0.0006602060951170854,0.9481602775485797,0,864
0.25,0.32914951409348875,0.00027940494822888785,0.0006602060951170853,0.7131592080206369,0,865
0.3999999999999999,0.32185670417127915,0.00027880266649757147,0.0006602060951170854,-0.5691125571694114,0,866
0.3999999999999999,0.3150848092435131,0.0002783139644362699,0.0006578529348984052,1.2528826394222512,0,867
0.3999999999999999,0.294948135070391,0.0002778601696650614,0.0006507239263039893,0.8639440423884279,0,868
0.5,0.2862920119071214,0.0002967838493389144,0.0006507239263039894,0.4296458553135053,0,869
0.5,0.2782541832555139,0.00031451149952000144,0.0006386587609492142,0.20665495566524245,0,870
0.5,0.2707904852218783,0.00029204639241142997,0.0006213695598509521,-inf,0,871
0.5,0.26385990847635965,0.00027118593581061353,0.0005984032679351828,-0.33940030743473526,0,872
0.33333333333333326,0.25742437292694936,0.00029074613161982977,0.0006386934975655167,-1.1782841680446663,0,873
0.33333333333333326,0.2514485184882113,0.0002894096093939126,0.0006579244980176835,-0.25756836234498076,0,874
0.3999999999999999,0.24589951079509734,0.0002687374944372045,0.0006579423912300299,-inf,0,875
0.5,0.23238375705138498,0.0002688998675971293,0.0006579423912300299,-1.0577780191826731,0,876
0.5,0.21983341428936637,0.00024969273419733437,0.0006579423912300299,-4.589850524579606,0,877
0.5,0.20817952458177763,0.0002318575388975248,0.0006579423912300299,-inf,0,878
0.6,0.19735805556758812,0.00021529628611913017,0.0006010565982045951,-6.508888824199371,0,879
0.5,0.1873095486258407,0.00019991797996776373,0.0005323692671334989,-0.36321485224166417,0,880
0.5,0.18659363292075187,0.00020506389837287705,0.0005323692671334988,-2.4836065137072003,0,881
0.5,0.18592885405174084,0.0001904164770605287,0.0005323692671334989,-3.348105060552711,0,882
0.33333333333333326,0.18531155938765917,0.0001768153001276338,0.0005323692671334988,-4.072494662696123,0,883
0.33333333333333326,0.19746893375247498,0.00018366135864683882,0.0005691344253843408,-2.2491541159185813,0,884
0.33333333333333326,0.20875792423408968,0.00017054269017206464,0.0005691344253843408,-3.237217675006457,0,885
0.5,0.19979900600411843,0.00017774377555348914,0.0005691344253843408,-0.21348638257575248,0,886
0.5,0.2031213523103888,0.00018452374893580413,0.0005984846445920971,-0.9667292326630627,0,887
